0,aSoso
1,GiannisS
2,Crensh3000ad
3,Zopper-Alf
4,derk
5,MacTele
6,amikezor
7,Jareck80
8,MartyMcMartin
9,Bahaus
10,mvalenta
11,Mulan
12,winterplum
13,Cromaa
14,charlesf
15,jeromier
16,alextfish
17,largelylegit
18,wice
19,jonnypolite
20,jmw23
21,jeff ven
22,sirgalin
23,Henkka
24,Nodens77
25,fezzwick
26,bengweiler
27,olimar44
28,GJanse
29,cichlidhead
30,AMorgan
31,toober
32,scottatlaw
33,whac3
34,Burzum
35,TomVasel
36,The Maverick
37,doctoryes0
38,ZombieDad2
39,38thDoE
40,worol
41,dragonblaster
42,pigasuspig
43,SchoonerTorrent
44,Kytty
45,jonathan bruton
46,Punfu
47,Kayvon
48,tssfulk
49,normsmith
50,Dunyazad
51,ZirkvandenBerg
52,bigfomlof
53,chrisoc13
54,BS Projects
55,dklx3
56,joeeoj010
57,thepackrat
58,Moonleaf
59,SeanXor
60,megasycophant
61,yangtze2000
62,SwedeLad
63,benni_jolink
64,Celdorad
65,L4D2
66,Gearhead
67,Zambo
68,PBeakley
69,dsmeyer
70,cheng
71,Luftwaffe Flak
72,pieforteeth
73,JustinKase
74,autumnweave
75,Hawkeye75
76,Belisarius88
77,atsgamer
78,WittyreaderLI
79,dysjunct
80,Motoningennoken
81,jhliu
82,havoc110
83,ddgdrs
84,philcampeau
85,william4192
86,Legend5555
87,mcszarka
88,MonkeyMagic
89,Jeswins
90,lengthtoavoid
91,hedererp
92,darkskies
93,tabletopgamer6886
94,capstern
95,Octavian
96,Romain
97,Rougie
98,kc2dpt
99,fretnut71
100,aautio
101,achates
102,aliceleong
103,Cardboard Carnage
104,danithaca
105,PBrennan
106,rbakeratl
107,CyberGarp
108,JeffyJeff
109,Tatsu
110,moly19
111,rjstreet
112,DiscoUkulele
113,MStone
114,aristarco
115,Cheesechick
116,unliar
117,Rye0077r
118,gameguythinks
119,SirHandsome
120,Paul65
121,melchett1
122,DarkTori
123,GrrBlarg
124,harzal
125,qweable
126,GreyArcher
127,Ciaran
128,Golux
129,GlennG
130,Inflatable Gecko
131,Prestonisnormal
132,Mordachai
133,drevilz4l
134,Amiral
135,Prismattic
136,hseldon
137,macpips
138,Sam and Max
139,Bending Unit 22
140,Frizzyhaired Chemist
141,ryan_c_byrd
142,Rompcat
143,BakeliteTM
144,jphyman
145,Innovan
146,Bahamut-X
147,e9martin
148,aro246
149,anatana
150,downstream
151,edlovell
152,Fallenangelol
153,Michael Becker
154,Howitzer_120mm
155,Butterfly0038
156,petermarstrand
157,jlingwal
158,Bairoth
159,njesse99
160,ze_stom
161,patella
162,ncassidy
163,tinye3
164,e_sandrs
165,southseasnurse
166,sightreader
167,Wildcatfight
168,Alexfrog
169,texasjdl
170,TiNYTimIDFluffYBunnY
171,der_chad
172,dimarco70
173,Leo-T
174,lumin
175,mi_de
176,looleypalooley
177,letsdance
178,tesuji
179,Jayolas
180,xman@pcisys.net
181,larienna
182,1Wif
183,JonJacob
184,Grusome99
185,BShotton
186,thearkhammonk
187,Solubles
188,PatK
189,Sagrilarus
190,BogenBlitz
191,cdwalkley
192,thebard8
193,Drez
194,Sugi
195,grammatoncleric
196,garrylloyd
197,chaosjenkins
198,destro
199,RockyMountainNavy
200,awakeneddragon
201,blueatheart
202,Spirit Juggler
203,DeanMary
204,Vince Londini
205,niburo
206,rhpenland
207,GogTad
208,Spleen
209,Eoin Corrigan
210,grafpoo
211,Mick_whyte
212,foxtrot2620
213,ThaTsRight
214,Von Cougar
215,hibikir
216,Madcapmartini
217,silverbowen
218,astroglide
219,RoadHouse
220,Liggur
221,AbeLincoln
222,bolter
223,elkabong
224,Jandoruss
225,franklincobb
226,roric32
227,colmmccarthy
228,Chromaline
229,Macabee
230,wittdooley
231,TimsterMonRpg
232,entwife
233,nickjost
234,skink
235,Warbanner
236,KlausScharpf
237,patton55
238,the_sylvan
239,MajaiofDreams
240,jsnell
241,agius1520
242,Percatron
243,cturnitsa
244,taragalinas
245,Morningstar_81
246,metabulis
247,darcone
248,gamemark
249,RoderichAugust
250,murcielago
251,ContainerJones
252,Emperor JD
253,TarjeiAasen
254,JustKen
255,AnnuverScotinExile
256,Warren Bruhn
257,serge13102
258,Lochi
259,Berthold
260,jguitarstring
261,RogueMcMayhem
262,Dujo
263,ddspeed
264,Gutrix
265,red turtle
266,theggman
267,meehael
268,abeniman
269,acrah
270,crambaza
271,Greendan
272,KingPut
273,timsteen
274,hockeyjedi
275,robdizzledeets
276,roman1967
277,ltmurnau
278,Darilian
279,enie
280,marcosestevo
281,Edbryan
282,Auzette
283,Mecandes
284,robbbbbb
285,Shade_Jon
286,LordOrin
287,Ebon Wendigo
288,Al Johnson
289,jhagen1908
290,airxmoa
291,StatSig
292,domcrap
293,2ndinBeautyContest
294,familygaming
295,GeneSteeler
296,EvilTimmy
297,stoic
298,fluc02
299,parrais
300,theaney
301,slyde
302,deltarn
303,schizoferret
304,Ferox745
305,kodarr
306,cmocmo
307,TVis
308,Blue Steel
309,Xlyce
310,kgm3219
311,Inntrepid
312,DepressedMonk3y
313,marble911
314,jtspecial
315,rylfrazier
316,Phreedh
317,atholbrose
318,GameCloset
319,evil_puck
320,Subhuman
321,alepsycho
322,x2fer
323,polate
324,Spielguy
325,ThatFedoraGuy
326,PawnShopBlog
327,ski309
328,katastrofik
329,milegyenanevem
330,DaveM1
331,atrox7
332,kimbo
333,Nausea
334,dbreen27
335,rweberund
336,Slysally
337,KentuckyKid
338,ajbasel
339,W4st
340,Luce
341,mudshark_baby
342,partino
343,desertfox2004
344,Vexation
345,Lawcomic
346,Agip
347,Blue_rose
348,Schwade
349,sodaklady
350,Wahoffelmadenga
351,Coldwarrior1984
352,Sturm88
353,locusshifter
354,Requete
355,asutbone
356,rwould
357,flakybiscuit
358,kentreuber
359,jcurtis55
360,biffta
361,pincao
362,piemasteruk
363,gentlegiantglass
364,Russ G.
365,Jackwraith
366,jttm
367,Akhnaten
368,wetwebwork
369,greatbrent75
370,Mark.Watson
371,BonesJackson
372,Cumber
373,timstellmach
374,fizzix
375,madaxer
376,Huger
377,meng
378,SteveBl
379,Ghorro
380,deactivision
381,dragonpup
382,ajsoares
383,Ruud2009
384,Sjeng
385,pedcheung
386,aladdinsdad
387,Sandal_Thong
388,chessduffer
389,brauerle
390,lightnng
391,bijanajamlou
392,mickmick
393,smeagel_99
394,siretsch
395,SkookumPete
396,gertbert
397,PaulGrogan
398,radsailor
399,taintedpsychee
400,jjacjackson
401,rolfy12
402,solanacea
403,LetsGetTrivial
404,locustofdeath
405,vandemonium
406,Analysis Paralysis
407,mightygodking
408,Flyboy Connor
409,ben_ethus
410,IrishCyborg
411,theasley
412,Darkredwyrmling
413,Ibaimendi
414,melissa
415,Marlowe_PI
416,Tiruvor
417,alfons
418,VolcanoLotus
419,jegan22280
420,willk_1230
421,Bubslug
422,rubberchicken
423,BlakeMathieson
424,TimothyP
425,McGuit
426,Ryno8
427,Oblivion
428,CrankyPants
429,triplec
430,Gangrel
431,kang_a_roo
432,Turkeysan
433,Scott Rogers
434,sdougla2
435,Longhairhippy789
436,rayzg
437,Guillyberto
438,Uncivil
439,jeffwiles
440,VaultBoy
441,Nogser
442,Bezman
443,Norbert Chan
444,Runes
445,Obsidian Man of Urik
446,mattx
447,MyKrisse
448,DrBrewhaha
449,Kaworu17
450,bang29
451,CarcassonneFreak
452,Azriel
453,committed hero
454,jygro
455,bengkohn
456,stayman
457,Blott
458,gwommy
459,Black Knight
460,leemc13
461,cagriggs
462,yucv2006
463,EnigmaProphet
464,almo2001
465,Waterd
466,Majiken
467,Quijanoth
468,divisionbyzorro
469,Mijjy
470,zeroth hour
471,Mat628
472,Grobbs
473,usagi-san
474,H8Man
475,REGGY
476,degamer
477,gamergeek
478,dimitroff
479,cree47
480,Random_Phobosis
481,PaulAtredis
482,Gertz
483,sammyz
484,nicktaruffi
485,hellohooray
486,Hida Mann
487,whattheproblemis
488,ChukLife
489,fehrmeister
490,mazda74rx4
491,mentis
492,abdiel
493,deadmarlowe
494,dustwhit
495,jhebert
496,ackmondual
497,daveroswell
498,chervil
499,mikoyan
500,ksaarto
501,yapma
502,Jeremiah_Lee
503,asimpkins
504,moxyoron
505,iansc
506,Syvanis
507,asmyr42
508,Wulf684
509,Joshuaaaaaa
510,jeffk
511,radthanael
512,Bombadillo
513,Joe Casadonte
514,thesleeper7
515,revgiblet
516,IndianaJohn
517,lukeheineman99
518,roboman
519,BNgK
520,EyesOfWolf
521,EYE of NiGHT
522,judoka
523,TheKeck
524,RedShark92
525,MrShep
526,tgmcduff
527,Benjamin Maggi
528,Shinako
529,dougielb
530,scotthinze
531,HerrCannon
532,parduz
533,vardamir
534,daw65
535,herbeey87
536,PopeBabylon
537,wgjelinek
538,joker9991
539,quatsch
540,tonksey
541,jarinu
542,dboyee
543,InfoCynic
544,Archilochus
545,papahoth
546,thunder_cc
547,schattentanz
548,smithpernu
549,DalimThor
550,Brokenprism
551,tofarley
552,howzquake
553,DorksGoneWild
554,kaa0s
555,JuggaJoe
556,Muse23PT
557,notAbean
558,Kengi
559,fliptrackr
560,SStignei
561,kittenhoarder
562,eRen4ik
563,citylife
564,elijah234
565,scottredracecar
566,gregd
567,bumyong
568,kovajatka
569,BStringham
570,szpeti
571,ScottB
572,SteveB
573,gibbous
574,AnalyticGamer
575,petterw
576,Trump
577,Whaleyland
578,wingedpotato
579,niels
580,dengue
581,Robrob
582,koreanpenguin
583,superbgg
584,rafa_str
585,eker
586,atrium
587,lordofscones
588,bookgnome
589,LHIM
590,joelbear
591,CliffRo
592,ebridge
593,Spielemitkinder
594,fvincent
595,m3tan
596,dave_s
597,dbmite
598,mrraow
599,Spukky
600,quarks
601,michver
602,GreyLord
603,PhilFromIT
604,flowman
605,thediceyreview
606,skipsizemore
607,adebisi
608,Neo42
609,Joemamma44
610,heathbarATL
611,Weloi Avala
612,WillyRapier
613,Bobble Hat
614,mutilatedlips
615,Greymane
616,Hunyadi
617,spencerdeanwill
618,flipscot
619,Zxqueb
620,Fellfrosch
621,Godeke
622,EuroHobbes
623,Dreadnaut
624,RangerRob
625,whisperin_al
626,KDSN
627,Zoroastro
628,timiddeer
629,vinniebrasco
630,drsingle
631,longclaw16
632,Mat1da
633,Arctic Jack
634,Luke the Flaming
635,Scott Firestone IV
636,xmanden
637,bivaterl
638,mjfassio
639,c15ben
640,radiofyr309
641,selwyth
642,Astinex
643,Yib-Yab
644,jordanscott
645,Meisterchow
646,tocoking
647,out4blood
648,Sorcerak
649,NeonElephant
650,Elcarpo
651,goodshepherd
652,Dredry Toenail
653,batman
654,aelfric_brewer
655,tgodel
656,kasuga3
657,MattDP
658,TheCat
659,RecklessJester
660,beri
661,bugeeker
662,thalcos
663,Domino Man
664,Vaughn
665,Omega2064
666,AnEvenWeirderMove
667,Wister
668,AdelinDumitru
669,thedavel
670,mormeguil
671,Ben_Bos
672,emodiu5
673,Mister_Slick
674,EYanyo
675,hoganbball23
676,t_s_sullivan
677,Hellfish
678,pikaia
679,DrFunk27
680,sanity6v6
681,skaanimal22
682,Websteria
683,Innocent Bystander
684,tiagoluchini
685,entranced
686,villagebear
687,Jedit
688,garea37
689,ropearoni4
690,zuviel
691,robdnose
692,liberor13
693,jedigoalie
694,ralpheous
695,skalchemist
696,AdmiralACF
697,Jeff Schulte
698,Steve99
699,Neverfade
700,GeorgeZzzz
701,Cupcakus
702,KTPrymus
703,joel_m_toppen
704,Bankler
705,Steve Leach
706,grimzap
707,AmadanNaBriona
708,Maglinkinpark
709,FableHunter
710,Frohike
711,Beowuulf1
712,carpejugulum
713,mdawg
714,DraedGhawl
715,corkysru
716,jwandke
717,andyl
718,bryanwinter
719,the_windcaster
720,cbone2112
721,dgrgich
722,mikegoodrick
723,mlvanbie
724,Prokonsul Piotrus
725,skyzo
726,greatsage
727,pearmanb84
728,manowarplayer
729,i3ullseye
730,ejmowrer
731,Derek999950
732,Tom Lehmann
733,cratex
734,Blademaster777
735,moik
736,randyd42
737,educatedgravy
738,Wiyum
739,Sifu
740,hazer10
741,Cruelsader
742,Surllio
743,insearchofspace
744,MyParadox
745,Sheylon
746,Bwian
747,browe
748,giourkas
749,sasseriansection
750,IdahoEv
751,adam.skinner
752,donpaulo
753,MonkeyGoose
754,wargamer66
755,vegaz
756,Snamo Zont
757,burdisho
758,token_horseman
759,vidaldo
760,clarkcramer
761,MoviinTarget
762,HuginnGreiling
763,otrex
764,sujihime
765,Originaldibbler
766,Kroz
767,ggessa72
768,Surya
769,qzhdad
770,Brakus
771,spikemike01
772,joebelanger
773,Sassycat
774,verandi
775,ThomasinNY
776,amacleod
777,sa266
778,Odat
779,trioker
780,keithm
781,hgcoleman
782,theclergy
783,Jatoha
784,tomfromparis
785,SupaGerm
786,HuckmanT
787,dwarf
788,mussels
789,MJT1
790,keithburgun
791,Terwox
792,ilikesanta
793,millercv
794,oklahomageek
795,NoDicePlease
796,RetroBeliever
797,forlorn110
798,tuskel
799,punchykoos
800,littlemute
801,chrisbrandt
802,ionas
803,vasilis5755
804,Phytoman
805,Vormwald1
806,thedude05
807,ColdFinger
808,echoota
809,wonderwitch
810,Elendil
811,rvlieshout
812,Spirale
813,Eric Brosius
814,gurpsgm
815,WKDFROG
816,alexgrant
817,parma
818,wharekumera
819,Aussie550
820,stampimo
821,Horatio252
822,kinekor02
823,tegwar00
824,sedge
825,kurthl33t
826,tanglewood
827,DarthMitchious
828,Thosw
829,Dannecus
830,drpaj
831,badweasel
832,edroz
833,Dr Lucky
834,moorwild
835,Timw
836,tribefan07
837,Damion101
838,Reverend Pete
839,mistermarino
840,swaits
841,johnny5
842,funkhauser
843,levininja
844,TheCrippledWerewolf
845,chriskl
846,gnomus
847,dsfloss
848,lgoldberg
849,ManchotPi
850,bodtchboy
851,repairmanjack
852,Insertcleverthing
853,BFoy
854,Techstar
855,kendahlj
856,MorpheusAlpha
857,hwarang
858,Kiboko Hippo
859,Sorp222
860,Topdecker
861,mdelesd1
862,skutsch
863,heirodule
864,farmergiles
865,Red Wine Pie
866,paladinelliott
867,Der Ubermolch
868,Fabozz
869,jonocop
870,midnightfaerie
871,Chinkster
872,Heliconia
873,Chaz Donnell
874,jaugusto72
875,cbs42
876,Oasis
877,jfrands
878,Beelzebub
879,TheBoardGameFamily
880,themilkcrate
881,jwquinn
882,brdparker
883,thorndor
884,Barticus88
885,martin_pihl
886,Big Bad Lex
887,silenceindigo
888,ColtsFan76
889,Jasnis
890,thomasdean007
891,Legomancer
892,gypsylord
893,dracomjb
894,Diffler
895,ltcmdrjim
896,pschwar
897,xanalor
898,phillipwilson
899,cc_TheToph
900,msaari
901,pepperhead
902,skelebone
903,TMVM
904,Y00shi
905,JoshBot
906,oridyne
907,ironman99
908,grandslam
909,jgag
910,McKell
911,disclamer
912,Vblade
913,Maucoin
914,HamsterOfFury
915,wolfman69
916,bobm174
917,MisterPoncho
918,quozl
919,guestid1250
920,BayushiKira
921,Broccoli
922,isbert
923,AmazingIntern
924,jobin13
925,MentalGuy
926,Ziilch
927,markrollings
928,pusherman42
929,JimPAX
930,StephenM
931,schmanthony
932,ragados
933,KDLadage
934,davypi
935,Dale-not-Chip
936,Chumley11
937,rob2kewl
938,Horconboy
939,Speshul
940,Randy Cox
941,analisisalcubo
942,Xelto
943,jahellen
944,cristiano.batista
945,tckoppang
946,CapAp
947,Lomingen
948,lifepawn
949,jr4417
950,ghbell
951,mvettemagred
952,mrund
953,DavidM
954,Gorgoneion
955,Neale2006
956,Jimmer
957,MisterCranky
958,Troymk1
959,Jeffr0
960,TimothyDRiel
961,flying_neko
962,jeffwolfe
963,mantooth012
964,richfam
965,bsushort
966,theory
967,PSXfile
968,khaali
969,GremlinMaster
970,nwhyman
971,operamang
972,Uncle G
973,JuliaZ
974,aedilis
975,ryanabrams
976,Wibblenut
977,DKahnt
978,NSlikster
979,EchoOperative
980,pfctsqr
981,ASFalcon13
982,chademe
983,ralpher
984,medievalbanquet
985,ntvr2
986,Great_Mazinga
987,The Schaef
988,mkirschenbaum
989,barry_luo
990,mateooo
991,Letimangames
992,phoeniix
993,LibertyToad
994,jedijawa74
995,Steerpike.Instance
996,Mymil
997,Ganybyte
998,jameskirkb10
999,Howlerzz
1000,pyramidlagota
1001,jar011
1002,haslo
1003,toothygrim
1004,Sparta
1005,azelrpg
1006,chiefsachem
1007,geneandcourtney
1008,Admiral Fisher
1009,matt71
1010,GustavMahler
1011,Rukus77
1012,Thrylos
1013,razzmonid
1014,dedindahed
1015,navigator37
1016,not2fear
1017,trebro
1018,Shadowen
1019,JasonMatthews
1020,swamphamster
1021,Boots01
1022,goatsarecool
1023,loquitur
1024,TheGoblin
1025,MikeBwithoutadot
1026,batmatt72
1027,Royalflush
1028,IdeasMan
1029,johnag68
1030,tiagoVIP
1031,seanp
1032,oivind22
1033,sbszine
1034,Seany4
1035,purplewurple
1036,Hieken
1037,LennyS
1038,Wylann
1039,Zubbus
1040,Base the Bass
1041,MerricB
1042,canucklehead
1043,Maik
1044,simonAOEC
1045,barteus
1046,Jefforama
1047,pijll
1048,MaggiDear
1049,2amp
1050,TomAquin
1051,joelee
1052,DarkCelt
1053,Sarimrune
1054,DegenerateElite
1055,garypoole
1056,DWTripp
1057,Alan Paull
1058,alita_4b
1059,Alyksandyr
1060,dknemeyer
1061,coxy_fc
1062,archivists
1063,queenc
1064,mvkhaos
1065,Bergbau
1066,theMage
1067,KineticKill
1068,Randall Silver
1069,benfriedberg1981
1070,itsmarty
1071,cpthomp
1072,Royston Gamer
1073,bmwrider
1074,jelkinsiv
1075,Bearpaw
1076,angst
1077,WatchmanX2000
1078,blockhead
1079,revtim
1080,sao123
1081,fitzyfitz
1082,ooogene
1083,Radulla
1084,kbieb
1085,Hilaryg
1086,franchi
1087,justnord
1088,JohnnyOffice
1089,joshp
1090,trailofdead
1091,twthomas
1092,Veldrin
1093,InFlightGamesUS
1094,zepo
1095,paradoxes
1096,trenttsd
1097,Wen74
1098,fhsIV
1099,khuisinga
1100,gregor1863
1101,Mike A
1102,Slonk
1103,Sayburr
1104,Magnusun
1105,AndyNovo
1106,ZomBub
1107,revtiedye
1108,Michael Ward
1109,bacusgod
1110,Hertzog
1111,crusader4x
1112,veector
1113,Robertjo
1114,geocentrix
1115,Jokerman
1116,mlanza
1117,Matt Loter
1118,panchocarnie
1119,rdonato926
1120,Juleske
1121,mbourgeois
1122,mrbass
1123,BeyondMonopoly
1124,riledguy
1125,Denise
1126,Emsdad
1127,Kabong
1128,dwrigley
1129,chadridgley
1130,InnRoadsMike
1131,AndySzy
1132,Fruit Eating Bear
1133,spizio
1134,mortee50
1135,slashing
1136,BodhiWolff
1137,Musti
1138,thejoshertm
1139,KrudgeWelder
1140,paulus22
1141,Jacky Blue Note
1142,nightcrawler79
1143,prd1982
1144,MGBM
1145,Boomer
1146,sumpfork
1147,habermanm
1148,lievendp
1149,Badgerman
1150,cgeister
1151,lajaro
1152,jultz
1153,Wolle_Petterson
1154,nuke3D
1155,JayAdan
1156,Helljin
1157,henry2013
1158,Maggibot
1159,Bendelker
1160,jobby
1161,spartax
1162,wonderflex
1163,done111
1164,luffy13
1165,RyanSturm
1166,SBHD
1167,fenyan
1168,binraix
1169,dagny21
1170,foofymonkey
1171,cutlass
1172,Katastrophy9
1173,bigloo33
1174,FinalWord
1175,maaikefest
1176,Raid1280
1177,Trscroggs
1178,adamdynris
1179,Longshanx
1180,denisb
1181,Taxovich
1182,Gibmaatsuki
1183,Bookywankenobi
1184,edige23
1185,ubirata
1186,badinfo
1187,hmocc
1188,prismofeverything
1189,lyman
1190,MacGee
1191,missiloon
1192,nnf1
1193,jstalica
1194,Game4it
1195,Gothnak
1196,TobiasG
1197,Ayrk
1198,Geddon
1199,GilvanBlight
1200,mattbain31
1201,Rostranor
1202,squash
1203,benritter
1204,Scrowe
1205,grant5
1206,ptsuk
1207,Skillet_135
1208,Laurentiu
1209,gschmidl
1210,Walsfeo
1211,voynix
1212,Icedanno
1213,edralla
1214,BrenoK
1215,richardolen2
1216,grouchysmurf
1217,zennoshinjou
1218,superzitman
1219,mcgregok
1220,Sandy Petersen
1221,Benjow
1222,hend
1223,Jets27
1224,Elf__Man
1225,engelstein
1226,goldenboat
1227,steevil
1228,VincentDarlage
1229,abredon
1230,thesama
1231,Wired_Wolf
1232,PghArch
1233,cabol
1234,Nofunatalll
1235,spadovsky
1236,zanti_misfit
1237,Dishbird
1238,enaxus
1239,fredric_barrett
1240,deedob
1241,BoardGame_Ben
1242,Odinsday
1243,mummykitty
1244,davebo
1245,maydaygames
1246,Gordianus
1247,luca marcolungo
1248,Danny from Tower
1249,Kozure
1250,mozart827
1251,ravenskana
1252,alexankh
1253,Renaissance Man
1254,DaveD
1255,gbfilter
1256,mkozlows
1257,philreh
1258,kevintlee
1259,dbucak
1260,hakuus
1261,aldaryn
1262,spyrous
1263,PlanetSmasher
1264,Quixote171
1265,Aelf
1266,txaal
1267,cloudstalkerian
1268,moonglow
1269,manutd03
1270,Shijuro
1271,savantt
1272,Charles Vasey
1273,Nanodilwen
1274,Steve Be
1275,robinz
1276,Downblaw
1277,pwilz
1278,carbon_dragon
1279,Butsudoka
1280,Silverback
1281,serendipity2003
1282,TempestBlade
1283,bentlarsen
1284,pupq
1285,NojNosredna
1286,vonweitzel
1287,PaulDavidson
1288,hrc333
1289,ulmangt
1290,Guantanamo
1291,mspider_89
1292,Schmergel
1293,MrGlubGlub
1294,fh13
1295,rseater
1296,sumo
1297,jmkinki
1298,TracerBullet
1299,singhalex
1300,maudineormsby
1301,gorende
1302,Rolocop
1303,DeltaDemon
1304,bfundak
1305,adamw
1306,Neil Thomson
1307,scratchie
1308,Volfield
1309,BagelManB
1310,Karlson311007
1311,Wood4Sheep
1312,dcclark
1313,massimiliano_cuccia
1314,Vikingwarrior
1315,FinrondFelagund
1316,shnar
1317,jeekubPL
1318,JamesArkham
1319,RandallPeek
1320,futurescaper
1321,toddbarker
1322,Danath
1323,Azureflame
1324,Synnical77
1325,brito
1326,Cadfan
1327,Unitoch
1328,ellogan
1329,hposner
1330,SamHealey
1331,Zelurs
1332,dbhitchcock
1333,djgutierrez77
1334,cheeseviking
1335,zenmazster
1336,sbarcelo
1337,karlkindt4
1338,dommer2029
1339,charlescab
1340,g3lutz
1341,Innovatormentor
1342,RalfvanKempen
1343,MJ Harnish
1344,cfarrell
1345,DomaGB
1346,Pola
1347,zarajess
1348,boffotom
1349,beltmatt_usa
1350,Vranger
1351,duckworp
1352,KingKel
1353,Sergo
1354,Codexier
1355,Baltu_Kobalts
1356,ghosthack
1357,game_boy
1358,dangerouslycheesy
1359,wizcreations
1360,Kalidor
1361,jeep
1362,ClimberStephen
1363,filwi
1364,Vex85
1365,Kilgore1313
1366,Ashiefan
1367,wjraich
1368,libonati
1369,peacmyer
1370,Kriegspiel
1371,rshipp
1372,prrt949
1373,katsulas
1374,ciyrvr
1375,Calistas
1376,baba44713
1377,chadmart
1378,jhenke
1379,zeotter
1380,Tryken
1381,William Hunt
1382,ericbinnyc
1383,glamrox
1384,gjerde
1385,Gnomekin
1386,McJarvis
1387,tathta
1388,hiimjosh
1389,pmboos
1390,Favre4MVP
1391,Mr_Nuts
1392,Grumsh
1393,Elric of Grans
1394,boredmormon
1395,michaelsabd
1396,cauldronofevil
1397,Verseboy
1398,Todd Kauk
1399,nyriv
1400,waza
1401,kissybooboo
1402,gamesjunkie
1403,a2greg
1404,andrewhodkinson
1405,hurricanej
1406,Catamount
1407,fermmoylle
1408,apia
1409,historygamer89
1410,charlest
1411,MegaGuy
1412,diometes
1413,rulezfin
1414,pinecone96
1415,gamezendo.com
1416,aledrugo1977
1417,Vedantin
1418,adriang
1419,John GL
1420,Ken_Nicholson
1421,russ
1422,Angrax
1423,darker
1424,DrumPhil
1425,NewbieGamingDad
1426,Tegre
1427,Peepser
1428,tankexmortis
1429,macls29
1430,Chuke95
1431,Mad Archeologist
1432,zlosny
1433,zinho73
1434,GameDen
1435,dkeisen
1436,buffmeister
1437,herendil66
1438,Gumps
1439,FrankConner
1440,Focuscoene
1441,minismurf
1442,AnotherHorrorFan
1443,mschlat
1444,rdystdygo
1445,scottandkimr
1446,JasonDragon
1447,Alan Kwan
1448,rayito2702
1449,Wiseguy4187
1450,kilroy_locke
1451,San Il Defanso
1452,fivecats
1453,boardgamelibrarian
1454,Neurocide
1455,medlinke
1456,trevorandlinda
1457,jonbryon
1458,allbaugh
1459,spearjr
1460,jmgregory
1461,RogertheDumpling
1462,Valarus
1463,Logoth
1464,OisinoiD
1465,ccarlet1
1466,tallgrant
1467,SpaceAlien
1468,The Barefoot Killer
1469,lubomirvaic
1470,Anny48
1471,ZoRDoK
1472,ja.barowski
1473,jpact
1474,Speedyox
1475,dakarp
1476,Pigs Breakfast
1477,joseaguerof
1478,alexdrazen
1479,deeug
1480,Gromguitar4
1481,ChipChuck
1482,firstfletch
1483,teabo
1484,Kerbster76
1485,ssgames
1486,Rulesjd
1487,eaglebeak
1488,friedricetheman
1489,lclaudius
1490,NeonElf
1491,Garfink
1492,RandomGraham
1493,igor1970
1494,jwilhm
1495,Da Black Gobo
1496,fjordi
1497,mintyh
1498,PSac
1499,RantingRodent
1500,MystElden
1501,alagor
1502,FNH1
1503,Pintsizepete
1504,Mathew Taylor
1505,gary_webster
1506,RHelms
1507,bcflood
1508,timeodanaos
1509,maxo-texas
1510,CarlG
1511,fardoche
1512,Cephalofair
1513,gpren
1514,alcazar
1515,Geirerik
1516,brumcg
1517,javelin98
1518,bouncergriim
1519,Stoffey
1520,zorro_jv
1521,Mosse
1522,pfong
1523,kirkbauer
1524,Merkles Boner
1525,brianmbe
1526,kvn299
1527,zuludawn
1528,steveburt
1529,GrimThunderbrew
1530,typebar
1531,Wind Lane
1532,thenyn
1533,shouit
1534,beckeykevin
1535,nicky_longbranch
1536,cabalzero
1537,klbush
1538,wmcduff
1539,kixdsky
1540,mathewsdad
1541,Prophx
1542,agashamirv
1543,kdiddy13
1544,Hendal
1545,sevorges
1546,NeuroNiky
1547,PonSquared
1548,pfglenn
1549,McForrer
1550,privateer4hire
1551,boatner
1552,Liko81
1553,Meander
1554,marshalljansen
1555,zombiemonkey
1556,nycavri
1557,jimshlif
1558,hoostus
1559,andreww
1560,hugocarvalho
1561,zendonut
1562,AustinT
1563,Electric Joe
1564,Gargoyle
1565,bluedionysius
1566,Fawkes
1567,caradoc
1568,Toothpick the Ferret
1569,lomn
1570,KrisVerbeeck
1571,RGutowski
1572,puggimer
1573,aboveriver
1574,virre
1575,Ikim
1576,EmperorZeb
1577,Geosphere
1578,arkibet
1579,AnimalMother
1580,jodokast4
1581,Kaffedrake
1582,FlyingArrow
1583,carthaginian
1584,kneumann
1585,Nirumaru
1586,Norairo
1587,Zwerg
1588,historysteph
1589,HenshinHero
1590,Philipp Klarmann
1591,etherton
1592,personwholives
1593,PrivateMeggido
1594,tranenturm
1595,AnimalMkIV
1596,Jerrytel
1597,Anonymousful
1598,Fabkok
1599,jadusty
1600,Hegel
1601,spiralingcadaver
1602,Jpwoo
1603,Pone4games
1604,GameMasterX0
1605,Cornbread46
1606,alexisW
1607,soccastar001
1608,nemesis13
1609,Koldfoot
1610,prizziap
1611,shirtman
1612,mst3k4L
1613,hotspur
1614,Killjoy
1615,JVKhoury
1616,beauka
1617,ampoliros
1618,diggityjones
1619,AaronElWhite
1620,browncoat2814
1621,rajatz
1622,Eidelweiss
1623,freechinanow
1624,birdbrain
1625,Verkisto
1626,i7dealer
1627,gustmic
1628,otaku
1629,alexangiraffe
1630,gkikola
1631,UanarchyK
1632,GraveyardGreg
1633,Salamon
1634,geki
1635,Maeglor
1636,Jackal!
1637,Salaskan
1638,Yugblad
1639,Leonithic
1640,casterlyrock
1641,valzi
1642,Grotius
1643,kracken
1644,qiagen
1645,Dickie77
1646,Sylvus
1647,col_w
1648,hakko504
1649,Feyd414
1650,kingspud
1651,o_cedar
1652,josefsallen
1653,OldestManOnMySpace
1654,dude163
1655,Alphawolf
1656,Thorkiel Wildbret
1657,dcorban
1658,Woelf
1659,hvogel
1660,MarkHerman
1661,fbush555
1662,Herr Niemand
1663,Eskimodius
1664,mikehulsebus
1665,quique esparrago
1666,Purple
1667,lacxox
1668,behemoth32
1669,Luisjoey
1670,Nikku
1671,Zhovijalno
1672,viranga
1673,joedogboy
1674,Julio_Alberto
1675,dlhammond
1676,msweazey
1677,Teeaniknik
1678,Rliyen
1679,Anarchosyn
1680,markgravitygood
1681,glsonn
1682,christopherdgraves
1683,belyakoff
1684,artavash
1685,Bond8089
1686,WebKoala
1687,Peisistratous
1688,lipman
1689,Sitnaltax
1690,SurprisedPoultry
1691,ahbugger
1692,joakim589
1693,smorange
1694,darthcliff
1695,GaryP
1696,CortexBomb
1697,bno70_1
1698,Gamer DC
1699,rholzgrafe
1700,PeterHendee
1701,armin101
1702,Neolithium
1703,Chris Morriss
1704,No Expectations
1705,ghostbusterbob
1706,Lightstorm
1707,ecosim
1708,Kattvippa
1709,GeoMan
1710,netrinogr
1711,DeKerstman
1712,WhiteKnight85
1713,MWChapel
1714,kentonwhite
1715,ReignsEternal
1716,lollypop917
1717,creynolds6
1718,ross826
1719,shotokanguy
1720,takras
1721,Mwroskam
1722,jazgonz
1723,compman
1724,CadizEstocolmo
1725,todi
1726,anarchy
1727,TaleSpinner
1728,Clint Barton
1729,El Hidalgo
1730,Rydo
1731,otha62
1732,TG Mittler
1733,CarlosXiangqi
1734,tuneloon
1735,InappropriateAndy
1736,nhjelmberg
1737,adamknight
1738,Arcturus5404
1739,TrojanDan
1740,moonstone77
1741,abravenewgeek
1742,juanjoroig
1743,conchad
1744,TD2008YDS
1745,LordObsidian
1746,Badgeroonie
1747,shou4577
1748,jaiden0
1749,jhoratio
1750,rome_freak
1751,StormKnight
1752,grinningpik
1753,chuckimus
1754,SpaceCrusader79
1755,Ravenhoe
1756,melchior28
1757,lmnop
1758,CheddarLimbo
1759,Almafeta
1760,gexthegecko
1761,general hoth
1762,jonnymut
1763,tpd2100
1764,jgrundy
1765,dcroxton
1766,DSHStratRat2
1767,Ressless
1768,fractaloon
1769,Darklaw90
1770,Rich_Z
1771,joeyman3
1772,tigbun
1773,orleansguy22
1774,dontpanic69
1775,thomas7163
1776,DaveCole
1777,doctortuxedo
1778,reapersaurus
1779,shininiu
1780,capt yid
1781,gossamerica
1782,Hoplosternum
1783,bigfluffylemon
1784,clandaith
1785,wyldeoak
1786,camocoffey
1787,Lemming
1788,geremes
1789,Fone Bone
1790,bowes
1791,Grudunza
1792,DarkCruz
1793,escueladejuegos
1794,dturnerfish
1795,ostrichjo
1796,Wanjajoral
1797,jeff-n-jessa
1798,willgreg
1799,mcrow
1800,darlok
1801,Ibbo
1802,s3rvant
1803,Khaniyan
1804,cat5brother
1805,Pling
1806,Devonelle
1807,malifer
1808,snoozefest
1809,Impr3ssion
1810,railroader
1811,kuhrusty
1812,Tegarend
1813,ronlee
1814,Futsie
1815,TiLT
1816,jamesmckane
1817,Brian C
1818,Urtur
1819,Stunna
1820,mathguy6189
1821,slowcorner
1822,Kartigan
1823,Isamoor
1824,Benkyo
1825,papiklfish
1826,rbayu2
1827,p0pcult
1828,Neil Palfreyman
1829,Skadar
1830,ggambill
1831,dr.morton
1832,MULRAH
1833,eratos
1834,geschichte
1835,cymric
1836,Galileo
1837,Hollyhock
1838,Jim K
1839,Ludocrazy
1840,amodman
1841,aarondesk
1842,latindog
1843,Shin00bie
1844,dkearns
1845,Terry62
1846,Marx09
1847,smithnewz
1848,Miner Cotren
1849,JohnC
1850,Tauge
1851,The Warp
1852,cordeiro
1853,Patticus
1854,fezvez
1855,cafeine
1856,Martinus
1857,anguslee
1858,jdberry
1859,s_desjardins
1860,bmarquette
1861,Ratio
1862,Rukasu
1863,tweetlebeetle
1864,VolleyGame
1865,greglios
1866,petegs
1867,RustyBaker
1868,MUKid
1869,andwilk9176
1870,apotheos
1871,tolendante
1872,krakenfan69
1873,Jacquemort
1874,nsolitander
1875,HansK
1876,Bolger
1877,shadowkeeper
1878,AlPacino11
1879,bretteroo
1880,Hotntot
1881,roboelectric
1882,PsychoZulu
1883,dtolman
1884,Gryfon
1885,Drammattex
1886,The Professor
1887,Tiets
1888,Morph Mode
1889,Craig_H
1890,milnivek
1891,laticpot
1892,Rindis
1893,rrrrupp
1894,Relharn
1895,curtc
1896,Budweiser8Jr
1897,bananpermobil
1898,kastrologos
1899,muzfish4
1900,KevinJay
1901,Jdlly
1902,plezercruz
1903,Gibbo
1904,victor1993
1905,deacondavid
1906,Lordbukka
1907,drewhauge
1908,jmoody
1909,riddell
1910,Chouzar
1911,RichardV
1912,dontadow
1913,Combat311
1914,Carmilla
1915,Pard
1916,matt_k
1917,Jester_dt
1918,Philip Thomas
1919,songbird
1920,drmark64
1921,Irennicus
1922,SkyGazer
1923,MillertimeRC
1924,jgunnz
1925,Jighm
1926,fellonmyhead
1927,SBGrad
1928,lindelos
1929,dr.mrow
1930,kjamma4
1931,mjacobsca
1932,BrucecO
1933,Shampoo4you
1934,HuggableHamster
1935,djinniman
1936,whoolzyourdaddy
1937,JohnnyD
1938,Blind Reality
1939,cbdarden
1940,baymonkey
1941,neotrunks2002
1942,Dormammu
1943,the_spiral
1944,Bookworm
1945,CaptainCaveman
1946,TheDudeAbides
1947,rri1
1948,jrtracy
1949,culix
1950,Jasonofindy
1951,yegods
1952,LeGon
1953,BoB3K
1954,reddish22
1955,Papathunder
1956,T-Mo
1957,discoking7
1958,weasel
1959,tonguepaste
1960,race9
1961,ranchero
1962,gladiator_posse
1963,greetingsfrombergen
1964,bamonson
1965,the_bummer
1966,Fenway5
1967,kabrateo
1968,dustingood
1969,falluper
1970,bkallday13
1971,idmonfish
1972,buylower
1973,BethH
1974,P_J_Keller
1975,coyotelaughs
1976,Gabriel_Kuriata
1977,gittes
1978,Jimzik
1979,redpawn3
1980,BloodyIgor
1981,kronik
1982,p4warrior
1983,Boarass
1984,Panzer
1985,francisthe3rd
1986,Rygel
1987,NoDDs
1988,fs1973
1989,crazylegs
1990,Twyker
1991,westbrookgamer
1992,byronczimmer
1993,Natus
1994,Jugular
1995,Jethrone
1996,juggler5
1997,Agrajag
1998,maxixe
1999,jcd2001es
2000,halbower
2001,malloc
2002,Don Smith
2003,mikehibbert
2004,crobledo
2005,VanillaFlava
2006,chrisbender
2007,Champion Eternal
2008,bungeeboy
2009,mpetty31
2010,Zigihogan
2011,The Innocent
2012,steveoliverc
2013,liga
2014,zboat
2015,dexdouglas
2016,SilhouetteLie
2017,Sky Knight X
2018,Pakwan
2019,DnDDmDb
2020,laegteskov
2021,multch
2022,Paladin_fin
2023,Felkor
2024,paevett
2025,Amnese
2026,HavocIsHere
2027,thirdman
2028,madhujith
2029,adiamant
2030,reddyredrooster
2031,GabrielGeek
2032,Zerosum
2033,Grimwold
2034,MJGinger
2035,BugLaden
2036,enragedbees
2037,photomuse
2038,nukesniper
2039,najmundrzejszy
2040,Prodromoi
2041,Dourgrim
2042,kevwill
2043,Steve Carey
2044,badassbr
2045,randywilburn
2046,pbwedz
2047,Brichs
2048,Stormbull
2049,vazquezramos
2050,Goldenturkey
2051,Waylander1
2052,polychrotid
2053,greendayfan333
2054,fifisdead
2055,rantinronrevue
2056,gf_ripper
2057,mevdev
2058,Smaggler
2059,_Kael_
2060,garysax
2061,dbpoe
2062,ektorakos
2063,Grumpf
2064,aluredpopple
2065,marioaguila
2066,DarrellKH
2067,ealdrich
2068,Bearcat89
2069,Csigs
2070,ghorsche
2071,ColinK
2072,decadence20
2073,Lowengrin
2074,BotD
2075,TGCRequiem
2076,Sturmkraehe
2077,Merudo
2078,Clive65
2079,TripleThr3at
2080,Jexik
2081,gmonk
2082,ekted
2083,NowOrNever88
2084,eatyourdasein
2085,Nicholas M
2086,Deathworks
2087,VarelseShrike
2088,shawn_low
2089,cktjharris
2090,Phuntom
2091,wavemotion
2092,pooterbug
2093,diehard4life
2094,MisterG
2095,WakandaMan
2096,quixotequest
2097,Rook96
2098,Midaga
2099,Lajos
2100,Deepspacebeans
2101,bane221
2102,loopoocat
2103,PasiMax
2104,BengalBandit
2105,louiseh
2106,navajas
2107,bvongunten
2108,KissellMissile
2109,Kellermeister
2110,jpwrunyan
2111,kamus73
2112,dima3103
2113,matera
2114,DeGecko
2115,cokasaki
2116,Chachito
2117,bullseyetm
2118,feldmafx
2119,profound_dark
2120,Kiyote
2121,stumpy_man
2122,leprejuan
2123,shinobu
2124,dreadpirate
2125,ClanNatioy
2126,Markwerf
2127,krakrs
2128,jtkirk86
2129,Patesi
2130,Ryhesling
2131,JennInOz
2132,AngusBull
2133,DukeofChutney
2134,shootfr0mthehip
2135,seanmac
2136,Shad
2137,chearns
2138,EvanMinn
2139,Tobold
2140,sigtaulefty
2141,kohee
2142,Getaklue
2143,kimapesan
2144,jjr414
2145,xombe
2146,electricvomit
2147,MaelstromUK
2148,Tiddleydwarf
2149,ReallyTiny
2150,leungd
2151,Martystrub969
2152,The Eye
2153,GrahamWills
2154,Brandon
2155,cito88
2156,sekelaa
2157,schwarzott
2158,DomHiob
2159,bosefasaurus
2160,gradman2k3
2161,GSReis
2162,bpierce72
2163,lordrahvin
2164,BradyLS
2165,cferejohn
2166,jiistme
2167,chad56s
2168,johnnyspys
2169,OdinofDuckies
2170,EtherealCleric
2171,linael
2172,sirjeyhmis
2173,schlappy
2174,CaseyP
2175,sinfreealex
2176,gamesgrandpa
2177,DeePee
2178,JK777
2179,Dementomstie
2180,haccpmonkey
2181,Wedgell
2182,wintermute
2183,thedirtyhamm
2184,redeemedegg
2185,kossowankenobi
2186,Mr Freedly
2187,Weapon
2188,wylsonated
2189,Milarky
2190,Jowjow
2191,boltongeordie
2192,queequeg
2193,n8meyer
2194,ReinhartTR
2195,ShaunGamer
2196,RedMonkeyBoy
2197,miguel_fernan
2198,joehn
2199,themightyhump
2200,sclpls
2201,Nautilus
2202,pezpimp
2203,claudio212
2204,kkrieger
2205,adamb2k9
2206,Schroinger
2207,InsaneSkitso
2208,gromans
2209,ludopoly
2210,Septyn
2211,falloutfan
2212,ThreeJs
2213,jearles
2214,Dspitzle
2215,StyxParadox
2216,Kedamono
2217,nitromob
2218,bpsymington
2219,MillicanDarque
2220,TFJ383
2221,jruddy
2222,turales
2223,wargamer55
2224,robininni
2225,oetan
2226,flyboy16
2227,wjones14
2228,Double B
2229,heya
2230,Adam78
2231,IcemanCU
2232,tiagoaob
2233,Zeede
2234,foulksy
2235,Large Deviator
2236,2ndPlace
2237,Robman
2238,Brutilus
2239,Mojo Jojo
2240,jmoslander
2241,mbroecker
2242,laufetc
2243,Altaira
2244,Berix
2245,adel10
2246,da pyrate
2247,rasmussen81
2248,pastorbln
2249,newrev
2250,Cole Wehrle
2251,ViviFFIX
2252,PopeBrain
2253,Gregski
2254,Gelete
2255,davistylerr
2256,hungryhomer
2257,Randougall
2258,Magrot
2259,Jazzbeaux
2260,revengeisnotjustice
2261,EsotericMoniker
2262,Betippens
2263,DJ Kuul A
2264,lordunborn
2265,MobLegend
2266,maxac
2267,Danjell
2268,JasonF
2269,Moviebuffs
2270,TMuscle
2271,JasonC
2272,chally
2273,Teleolurian
2274,JesseOlivier
2275,clockwerk76
2276,gantrell
2277,gberry
2278,FunkyBlue
2279,swandive78
2280,Peter The Rat
2281,Yatsuo
2282,PBatt
2283,Thommy8
2284,RobertBr
2285,nickgb
2286,Voodooshoes
2287,robindog
2288,Bagherra
2289,djagil
2290,Bluenose
2291,cuzzle
2292,jeeky
2293,BMinNY
2294,Eeeville
2295,Billythehut
2296,logopolys
2297,Pudsy
2298,Douwecarel
2299,Poltergeist_2000
2300,DjFIL
2301,Alphaborn
2302,Daarck
2303,kirkusmaximus
2304,rstites25
2305,dpbush
2306,crunk_posby
2307,kgnunn
2308,jpat
2309,Azilut
2310,freezing chicken
2311,eekamouse
2312,Dorque
2313,hannibal twin 8
2314,mikeevoy
2315,ctcharger
2316,jack208
2317,manukajoe
2318,Irozato
2319,peakhope
2320,matzieq
2321,eggroll20xd6
2322,paulmond
2323,Sailsa
2324,red3
2325,Sivilized
2326,rsmithx
2327,Scott Tepper
2328,Kevin_Whitmore
2329,Yagami 225
2330,Scrat
2331,PepsiTwist
2332,Furunkulus
2333,discordjack
2334,mynameisthis
2335,splangy
2336,Karadek
2337,Pinook
2338,Derek Mitchell
2339,jerubbaal
2340,LeRevetir
2341,BilboAtBagEnd
2342,Nazhuret
2343,brainst0rm
2344,Boromir_and_Kermit
2345,blaird
2346,Gecko23
2347,gert_c
2348,stowcreek
2349,cwhitpan
2350,avyssaleos
2351,JoeyHemlock
2352,hoffcorp
2353,Lagduf
2354,scottsnew1
2355,DrGrayrock
2356,ronster0
2357,Lugbar
2358,Jormi_Boced
2359,Zebu_Alex
2360,PzVIE
2361,DavidvD
2362,egrek
2363,Kayril
2364,Propo Pod
2365,vetinari7878
2366,jpseasia
2367,glookose
2368,carnifex
2369,chg21012
2370,ckessel
2371,madeyematthew
2372,vanadamme
2373,ratpfink
2374,bluekingzog
2375,wylde_karde
2376,Maddest Hatter
2377,jforbes
2378,sdonohue
2379,DragonWhelp
2380,Harkonnen13
2381,Sin City Snowman
2382,happycamper
2383,banyan
2384,lindyhopper
2385,Blacksad
2386,SliverXII
2387,hobitti
2388,pethulhu
2389,goodpoints
2390,dougbass68
2391,Walt Mulder
2392,Mundane
2393,KSensei
2394,TriChick
2395,agent easy
2396,BookandGame
2397,tibahn
2398,Ginarley
2399,lnguyenh
2400,Aeggil
2401,jody
2402,Condompete
2403,Karlsen
2404,Advocator
2405,Momoshiro
2406,easterly1
2407,bobroxs
2408,Ronaldo
2409,XanderF
2410,spamspam2
2411,mnv_iii
2412,Windopaene
2413,grumblesmurf
2414,Scurra
2415,Chanfan
2416,BalanceUT
2417,johncarlton
2418,BrightonFoxDave
2419,zz2282
2420,dopehatman
2421,creevedog
2422,jbsiena
2423,heymondo
2424,barnyams36
2425,EBONYANDIVORY
2426,Gonuts
2427,Freitag
2428,Meiere01
2429,Elyt007
2430,Immi
2431,Kuula
2432,kamentzvetanov
2433,mbialeck
2434,Darkmot
2435,BeatGuy
2436,Phelonius
2437,victoryzine
2438,trollitc
2439,GamInglorious
2440,Talisinbear
2441,LittleMisfit
2442,bobcatpoet
2443,Hockey Mask
2444,rublegame
2445,BlairHippo
2446,thoia
2447,Oiler
2448,emperorhand
2449,Asperamanca
2450,paralipsis
2451,jholen
2452,JonBen
2453,SereneJ
2454,ZargonDDG
2455,WalkerRedEye
2456,lestat2099
2457,Progmode
2458,Ncik
2459,widjayaman
2460,GangZda
2461,Aarontu
2462,richcharters
2463,truekid
2464,Bosco312
2465,cornjob
2466,dandechino
2467,MoonpieNobot
2468,PieMan
2469,ALGO
2470,SixtyWATZ
2471,jbluestein
2472,handofachlys
2473,Dimbus
2474,mrbeankc
2475,dogzard
2476,mebesquee
2477,BruceGee
2478,SimGuy
2479,cold_fuzion
2480,Frank Hamrick
2481,rhitmojo
2482,Jonathan Degann
2483,DiAtros
2484,sbilbey
2485,Leacockzoo
2486,slaqr
2487,Osiris Ra
2488,kmckimmy06
2489,veemonroe
2490,knatebaker
2491,gobbeg
2492,Agape
2493,mylittlepwny
2494,Hungadunga
2495,Jester
2496,xofour
2497,Boxatoys
2498,ceekay
2499,garbagerunner
2500,Piper 2009
2501,yohanleafheart
2502,Martin Ralya
2503,DarinFett
2504,Wyll
2505,geas
2506,sos1
2507,idlemichael
2508,Roelovich
2509,sourlemon
2510,colormage1
2511,kamchatka
2512,LoweringTheBar
2513,antiussentiment
2514,maksum
2515,gs_topcow
2516,virferrorum
2517,dieseltaylor
2518,Thies
2519,asgelb
2520,dspezzano
2521,talrich
2522,Maximuss
2523,Larry Welborn
2524,cannoneer
2525,haroldun
2526,Kingbubba
2527,Pisistratus
2528,fleefrank22001
2529,SpoDaddy
2530,Myrdin T Sasnak
2531,bucklen_uk
2532,ptper
2533,Spidermonk
2534,hyzer
2535,jmellby
2536,hudarklord
2537,weishaupt
2538,aaarg_ink
2539,zinehappy
2540,shrimpgoblin
2541,frunkee
2542,mlhovan
2543,Imhotep
2544,mdp4828
2545,Vondur
2546,Bloodybucket
2547,rdenning
2548,Phantomwhale
2549,Jagrafess
2550,jemana
2551,Yokiboy
2552,pitris
2553,ERPriest
2554,ponchera69
2555,Buckaroo13
2556,mwdalrymple
2557,Taavet
2558,Siromist
2559,Ninjabob
2560,bombanat
2561,rderr27
2562,ellephai
2563,Locu
2564,Mike Sisson
2565,skribs15
2566,ZephonSoul
2567,pakos13
2568,lowbeam
2569,Akroatis
2570,Runkst
2571,davido
2572,remus
2573,Eldil
2574,ryanmaesen
2575,Cleitus the Black
2576,ValJor
2577,pmagnus
2578,Scuzball
2579,duartec
2580,NateStraight
2581,fourquartets
2582,Broken Loose
2583,marksmen006
2584,ziph4
2585,kevinpdx
2586,spozun
2587,Wulfgar24
2588,Blackwind
2589,OzGamer
2590,Thedalek
2591,caradactyl
2592,stampdog316
2593,Smies
2594,Avalon18A
2595,Petru5
2596,lorinsilver
2597,imtylerdurden
2598,jtkauff
2599,BirdfluNuggetz
2600,Togashi Deckard
2601,DancerInDC
2602,grimbergen
2603,Comrade_Sarayev
2604,Major SNAFU
2605,Adbet
2606,crunchduck
2607,Gola
2608,Escher26
2609,Tarrant
2610,Torselli
2611,Dhunam
2612,quentin1
2613,ltbaxter
2614,Jonny5
2615,fsumarc
2616,jeremylgunter
2617,Aljovin
2618,QBert80
2619,ZarqEon
2620,wifwendell
2621,mathmagician
2622,essential_sin
2623,trawlerman
2624,RedArmyIan
2625,weyscoggin
2626,Burnham
2627,ConradR
2628,yosz
2629,Harry Plopper
2630,Stratagems
2631,ragingoptimist
2632,rpr-
2633,Raiyfe
2634,ripresa
2635,Malachi
2636,rgatti
2637,MonsterMash
2638,bygberbrown
2639,yazpah
2640,habanero
2641,LoopyWolf
2642,RTigger
2643,RiseUp
2644,IronMoss
2645,mratn
2646,games56
2647,casperthegoth
2648,Paustian
2649,Ajn424
2650,wolverine1977
2651,smitty1966
2652,NostraDouglas
2653,Mr Bassman
2654,BGOrion
2655,bleached_lizard
2656,Lukewild1982
2657,jamesdavis
2658,llyrghmnghyll
2659,hezkezl
2660,gschloesser
2661,Ryaxs
2662,kenny00
2663,BoardGameNerds
2664,futhee
2665,DaGreenMachine
2666,grognard
2667,BaSL
2668,dzudz
2669,nounet
2670,BoardGameChronicles
2671,DSeagraves
2672,Alex40K
2673,Odysseus3
2674,arnaud_vb
2675,r3gamer
2676,Goatcabin
2677,Quarashi
2678,LStemberger
2679,edosan
2680,Oshio
2681,TKoch
2682,garry_rice
2683,Ally Steven Severi
2684,JohnRayJr
2685,wkusau
2686,toerck
2687,Gastel
2688,CunningAllusionment
2689,garywalts
2690,Soikkeli
2691,gordon1018
2692,HerrJork
2693,mrivera
2694,spectre2007
2695,mrblueesq
2696,TheBFG
2697,garypgary
2698,kvezner
2699,Choubi
2700,aramis
2701,MartinStever
2702,Gamer678
2703,herman_the_german
2704,mangler103
2705,ISeePatterns
2706,mech_gamer
2707,oberjt
2708,Canadian Home Gamer
2709,Kazinova
2710,Otomakan
2711,GalaGalaxia
2712,irondeav
2713,rsjrev
2714,sucrates
2715,srand
2716,noticeus
2717,Tommy3Count
2718,MScrivner
2719,drstrnge
2720,lamaros
2721,simonh
2722,scraimer
2723,realnewton
2724,Rusty567
2725,Delthos
2726,r0xjo0
2727,pkufahl
2728,baddice
2729,Zaphod
2730,ericmwalters
2731,fbranham
2732,jtrleone
2733,Edward J Grug III
2734,HaiKulture
2735,darksurtur
2736,Joshua the Gamer
2737,thefounder
2738,Posco
2739,zinger5656
2740,TheNakedPirate
2741,TheMadWelshWizard
2742,MountainRoot
2743,jmoodie
2744,Butthead
2745,Jim Krohn
2746,Niyes
2747,jmlima
2748,mibar01
2749,chooi
2750,JoeSteadman
2751,Sigrdrifa
2752,ddavros
2753,Steerpike
2754,OrangeCat X
2755,manhattandoctor
2756,Rosekurt
2757,Rulemonger
2758,Barrow-Wight
2759,casezz
2760,Oogie Da Bruce
2761,rusray
2762,Iwakun
2763,anomander64
2764,stooge
2765,Folilo82
2766,Bruzza
2767,toucana
2768,hestiansun
2769,Arkobla Conn
2770,jayjonbeach
2771,chansen2794
2772,iulius12
2773,Cecrow
2774,Shandazar
2775,Wisecow
2776,MichaelBD
2777,robvollman
2778,captkayoss
2779,SVan
2780,joshuadix2
2781,mortenmdk
2782,Eggo
2783,Cardboard Conundrum
2784,halobungieman
2785,catnthehat
2786,steve perkins
2787,ashman
2788,lee elektrik
2789,solove
2790,Pepsi4Me2
2791,CheetohFingers
2792,remleduff
2793,Daybreak
2794,knuckles29
2795,Asur
2796,tico
2797,sancmat
2798,Redwhelp
2799,SwatSh
2800,KenSwab
2801,BubbaLove
2802,DuneTiger
2803,kvenosdel
2804,Dan Bosley
2805,Imploded
2806,malshadow
2807,amerikano
2808,ValentineS
2809,Dieroll Honker
2810,rvinyard
2811,wmshub
2812,ibn_ul_khattab
2813,baditude
2814,cloudboy
2815,LaborLawLarry
2816,Pete Atack
2817,bwridge
2818,snake2shake
2819,webbbarton
2820,Wolfram
2821,knifie_sp00nie
2822,hollis
2823,Dzon Vejn
2824,Elegia
2825,perfalbion
2826,medvezhonok
2827,courtjus
2828,snicholson
2829,pufonthis
2830,dcrowell
2831,ddkk
2832,SteveK2
2833,ramkitty
2834,Bretai123
2835,landonsquire
2836,GoldSirius
2837,eflin
2838,Kavu
2839,mike6423
2840,Silverwings
2841,scarecrowking
2842,nkorppi
2843,Beaveman
2844,oatmeal1201
2845,theDuckFarmer
2846,Tantive4
2847,AndriusLT
2848,VikingBerserker
2849,elgin_j
2850,droe
2851,Dave Davies
2852,chrisjwmartin
2853,AnalyzerOfGames
2854,ruppt
2855,soiledshortz
2856,Quertzacoalt
2857,Alabaster Icon
2858,elcomadreja2
2859,nomad001
2860,theintangiblefatman
2861,kmichaelis
2862,joncormier
2863,nakmeister
2864,k1mm1ngs
2865,jsciv
2866,crparis
2867,IKerensky
2868,Brokito
2869,celiborn
2870,David Vander Ark
2871,Sprydle
2872,natx17
2873,alexd
2874,snowman882
2875,Lee Hamer
2876,Barad_the_dwarf
2877,EndersGame
2878,ilskengravling
2879,masaakunokouchi
2880,niczone
2881,stormseeker75
2882,morningstar
2883,shawnssica
2884,tikiguy
2885,Kyrus
2886,Castef
2887,Beery
2888,loiosh13
2889,TheImp
2890,djinnfoo
2891,mtagge
2892,Zuthas
2893,jbbnbsmith
2894,Friendless
2895,Specialist0815
2896,MI_Butters
2897,ironcates
2898,Piqsid
2899,Basilius
2900,alafter
2901,huffa2
2902,super...
2903,TrotskyTrotsky
2904,monteslu
2905,Einroy
2906,Osirus
2907,rkalajian
2908,Scammer
2909,jbuergel
2910,fibobs
2911,StewartTame
2912,adreeve
2913,Trelane
2914,Patricula
2915,coffeeswiller
2916,irace
2917,Morganza
2918,dietevil
2919,Warhammer
2920,Morgan
2921,vynd
2922,Sonicwarhol
2923,Ldayjones
2924,King_Custard
2925,jBullfrog
2926,fearoffours
2927,jdakapluto
2928,MichaelB
2929,thdizzy
2930,SteveD.
2931,jhsjhs
2932,aqsgames
2933,angelkurisu
